{
    "model_name": "rf_api",
    "train_rmse": 0.9589176855414363,
    "test_rmse": 1.9494056601542944,
    "train_r2": 0.8463894605122784,
    "test_r2": 0.440904848445682
}