{
    "model_name": "rf",
    "train_rmse": 0.9605827312056098,
    "test_rmse": 1.9502434784179565,
    "train_r2": 0.845855544781373,
    "test_r2": 0.44042416779742144
}