{
    "model_name": "rf_scraped",
    "train_rmse": 2.8981443523009873,
    "test_rmse": 4.46085434553117,
    "train_r2": 0.6057939543261259,
    "test_r2": 0.22735789184573407
}