{
    "model_name": "xgb_api",
    "train_rmse": 0.9139406934762201,
    "test_rmse": 1.96130115460215,
    "train_r2": 0.8604613917225729,
    "test_r2": 0.4340607060377082
}