{
    "model_name": "xgb",
    "train_rmse": 0.9095243469633866,
    "test_rmse": 1.9749588631592725,
    "train_r2": 0.861806691097067,
    "test_r2": 0.42615131767400827
}