{
    "model_name": "xgb_scraped",
    "train_rmse": 2.930906952738727,
    "test_rmse": 4.415882475993607,
    "train_r2": 0.596830828417809,
    "test_r2": 0.24285806583556857
}